<NGProcessAlertTriggerMtvnSvcReq xmlns:xsi="http://www.w3.org/2001/XMLSchema-instance" xmlns:xsd="http://www.w3.org/2001/XMLSchema">
    <MtvnSvcVer xmlns="mtvnNGSvcReq">1.0</MtvnSvcVer><!-- -->
    <MsgUUID xmlns="mtvnNGSvcReq">ffaafadf-aaedfa-123-sdfsd</MsgUUID><!-- -->
    <PrcsParms xmlns="mtvnNGSvcReq"><!-- -->
        <SrcID>MISER</SrcID>
    </PrcsParms>
    <Svc xmlns="mtvnNGSvcReq"><!-- -->
        <SvcParms>
            <AppID>NG</AppID>
            <SvcID>NG_SVC3</SvcID>
            <SvcVer>2.0</SvcVer>
            <RqstUUID>ffsdafa-103230-kdsfjsda-320</RqstUUID>
            <RoutindID>001</RoutindID>
        </SvcParms>
        <MsgData>
            <ProcessAlertTriggerRequest xmlns="mtvnNGProcessalertTriggerReqData"><!-- -->
                <UserID>MISER_USER</UserID>
                <PrcsGrpNbr>001</PrcsGrpNbr>
                <Cust/>
                <OrigAppl/>
                <Account/>
                <ProfileID>8032</ProfileID>
                <ByPassSubscriptCheck/>
                <VarList/>
                <DeliveryMethodList/>
            </ProcessAlertTriggerRequest>
        </MsgData>
    </Svc>
</NGProcessAlertTriggerMtvnSvcReq>