<?xml version="1.0" encoding="UTF-8" standalone="yes"?>
<NGProcessAlertTriggerMtvnSvcReq>
    <MtvnSvcVer>1.0</MtvnSvcVer>
    <MsgUUID>ffaafadf-aaedfa-123-sdfsd</MsgUUID>
    <PrcsParms>
        <SrcID>MISER</SrcID>
    </PrcsParms>
    <Svc>
        <SvcParms>
            <AppID>NG</AppID>
            <SvcID>NG_SVC3</SvcID>
            <SvcVer>2.0</SvcVer>
            <RqstUUID>ffsdafa-103230-kdsfjsda-320</RqstUUID>
            <RoutindID>001</RoutindID>
        </SvcParms>
        <MsgData>
            <ProcessAlertTriggerRequest>
                <UserID>MISER_USER</UserID>
                <PrcsGrpNbr>001</PrcsGrpNbr>
                <Cust></Cust>
                <OrigAppl></OrigAppl>
                <Account></Account>
                <ProfileID>8032</ProfileID>
                <ByPassSubscriptCheck></ByPassSubscriptCheck>
                <VarList></VarList>
                <DeliveryMethodList></DeliveryMethodList>
            </ProcessAlertTriggerRequest>
        </MsgData>
    </Svc>
</NGProcessAlertTriggerMtvnSvcReq>
